{"initial_reset_timestamp": 1652033177.3710904, "timestamps": [1652033178.3294744, 1652033179.2264786, 1652033179.619914, 1652033179.794805, 1652033179.988886, 1652033180.645795, 1652033181.2514088, 1652033181.6195889, 1652033182.0528066, 1652033182.236191, 1652033182.835062, 1652033183.364005, 1652033183.6887944, 1652033183.840323, 1652033184.0249476, 1652033184.6936164, 1652033185.2317677, 1652033185.6711159, 1652033185.8243663, 1652033185.9969025, 1652033186.5991104, 1652033187.2571552, 1652033187.6085248, 1652033187.763239, 1652033187.9303076, 1652033188.514704, 1652033189.042969, 1652033189.6515632, 1652033189.8188431, 1652033190.003682, 1652033190.5850627, 1652033191.1234016, 1652033191.4533634, 1652033191.6620595, 1652033191.8936822, 1652033192.5574253, 1652033193.1167495, 1652033193.4751673, 1652033193.6546862, 1652033193.961834, 1652033194.8911083, 1652033195.8468156, 1652033196.4667897, 1652033196.7469668, 1652033197.1600275, 1652033198.1550374, 1652033198.9531593, 1652033199.4060173, 1652033199.6883996, 1652033199.8981082], "episode_lengths": [191, 174, 108, 49, 55, 191, 174, 108, 49, 55, 191, 174, 108, 49, 55, 191, 174, 108, 49, 55, 191, 174, 108, 49, 55, 191, 174, 108, 49, 55, 191, 174, 108, 49, 55, 191, 174, 108, 49, 55, 191, 174, 108, 49, 55, 191, 174, 108, 49, 55], "episode_rewards": [4.0, 3.0, 2.0, 1.0, 1.0, 4.0, 3.0, 2.0, 1.0, 1.0, 4.0, 3.0, 2.0, 1.0, 1.0, 4.0, 3.0, 2.0, 1.0, 1.0, 4.0, 3.0, 2.0, 1.0, 1.0, 4.0, 3.0, 2.0, 1.0, 1.0, 4.0, 3.0, 2.0, 1.0, 1.0, 4.0, 3.0, 2.0, 1.0, 1.0, 4.0, 3.0, 2.0, 1.0, 1.0, 4.0, 3.0, 2.0, 1.0, 1.0], "episode_types": ["t", "t", "t", "t", "t", "t", "t", "t", "t", "t", "t", "t", "t", "t", "t", "t", "t", "t", "t", "t", "t", "t", "t", "t", "t", "t", "t", "t", "t", "t", "t", "t", "t", "t", "t", "t", "t", "t", "t", "t", "t", "t", "t", "t", "t", "t", "t", "t", "t", "t"]}